userEmail,userPassword
nandha@sjsu.edu,password123
test1@test.com,test
test2@test.com,test
test3@test.com,test
test4@test.com,test
test5@test.com,test
test6@test.com,test
test7@test.com,test
test8@test.com,test
test9@test.com,test
test10@test.com,test
test11@test.com,test
test12@test.com,test
test13@test.com,test
test14@test.com,test
test15@test.com,test
test16@test.com,test
test17@test.com,test
test18@test.com,test
test19@test.com,test
test20@test.com,test
test21@test.com,test
test22@test.com,test
test23@test.com,test
test24@test.com,test
test25@test.com,test
test26@test.com,test
test27@test.com,test
test28@test.com,test
test29@test.com,test
